date, value
11-05-15,59.25
12-05-15,60.75
13-05-15,60.5
14-05-15,60.072
15-05-15,60.03
18-05-15,59.916
19-05-15,57.844
20-05-15,58.98
21-05-15,60.72
22-05-15,59.72
26-05-15,58.03
27-05-15,57.51
28-05-15,57.68
29-05-15,60.3
01-06-15,60.2
02-06-15,61.26
03-06-15,59.64
04-06-15,58
05-06-15,59.13
08-06-15,58.14
09-06-15,60.14
10-06-15,61.43
11-06-15,60.77
12-06-15,59.96
15-06-15,59.52
16-06-15,59.97
17-06-15,60.002
18-06-15,60.598
19-06-15,59.826
22-06-15,60.24
23-06-15,61.01
24-06-15,60.27
25-06-15,59.7
26-06-15,59.63
29-06-15,58.33
30-06-15,59.47
01-07-15,56.96
02-07-15,56.93
06-07-15,52.53
07-07-15,52.33
08-07-15,51.65
09-07-15,52.78
10-07-15,52.74
13-07-15,52.2
14-07-15,53.04
15-07-15,51.41
16-07-15,50.976
17-07-15,51.018
20-07-15,50.324
21-07-15,50.76
22-07-15,49.19
23-07-15,48.45
24-07-15,48.14
27-07-15,47.39
28-07-15,47.98
29-07-15,48.79
30-07-15,48.52
31-07-15,47.12
03-08-15,45.17
04-08-15,45.74
05-08-15,45.15
06-08-15,44.66
07-08-15,43.87
10-08-15,44.96
11-08-15,43.08
12-08-15,43.3
13-08-15,42.23
14-08-15,42.5
17-08-15,41.978
18-08-15,42.82
19-08-15,41.082
20-08-15,41.284
21-08-15,40.45
24-08-15,38.24
25-08-15,39.31
26-08-15,38.6
27-08-15,42.56
28-08-15,45.22
31-08-15,49.2
01-09-15,45.41
02-09-15,46.25
03-09-15,46.75
04-09-15,46.05
08-09-15,45.94
09-09-15,44.15
10-09-15,45.92
11-09-15,44.63
14-09-15,44
15-09-15,44.59
16-09-15,47.15
17-09-15,46.96
18-09-15,44.816
21-09-15,46.848
22-09-15,46.254
23-09-15,44.48
24-09-15,44.91
25-09-15,45.7
28-09-15,44.43
29-09-15,45.23
30-09-15,45.09
01-10-15,44.74
02-10-15,45.54
05-10-15,46.26
06-10-15,48.53
07-10-15,47.81
08-10-15,49.43
09-10-15,49.63
12-10-15,47.1
13-10-15,46.66
14-10-15,46.64
15-10-15,46.478
16-10-15,47.444
19-10-15,46.124
20-10-15,46.142
21-10-15,45.2
22-10-15,45.38
23-10-15,44.6
26-10-15,43.98
27-10-15,43.2
28-10-15,45.94
29-10-15,46.06
30-10-15,46.59
02-11-15,46.14
03-11-15,47.9
04-11-15,46.32
05-11-15,45.2
06-11-15,44.29
09-11-15,43.87
10-11-15,44.21
11-11-15,42.93
12-11-15,41.75
13-11-15,40.74
16-11-15,41.74
17-11-15,40.878
18-11-15,41.23
19-11-15,41.248
20-11-15,41.598
23-11-15,41.75
24-11-15,42.87
25-11-15,43.04
27-11-15,41.71
30-11-15,41.65
01-12-15,41.85
02-12-15,39.94
03-12-15,41.08
04-12-15,39.97
07-12-15,37.65
08-12-15,37.51
09-12-15,37.16
10-12-15,36.76
11-12-15,35.62
14-12-15,36.31
15-12-15,37.35
16-12-15,35.766
17-12-15,35.478
18-12-15,35.528
21-12-15,35.596
22-12-15,36.14
23-12-15,37.5
24-12-15,38.1
28-12-15,36.81
29-12-15,37.87
30-12-15,36.6
31-12-15,37.04
04-01-16,36.76
05-01-16,35.97
06-01-16,33.97
07-01-16,33.27
08-01-16,33.16
11-01-16,31.41
12-01-16,30.44
13-01-16,30.48
14-01-16,31.382
15-01-16,29.808
19-01-16,29.126
20-01-16,27.99
21-01-16,29.53
22-01-16,32.19
25-01-16,30.34
26-01-16,31.45
27-01-16,32.3
28-01-16,33.22
29-01-16,33.62
01-02-16,31.62
02-02-16,29.88
03-02-16,32.28
04-02-16,31.72
05-02-16,30.89
08-02-16,29.69
09-02-16,27.94
10-02-16,27.45
11-02-16,26.21
12-02-16,29.44
16-02-16,29.04
17-02-16,31.124
18-02-16,31.634
19-02-16,30.906
22-02-16,33.008
23-02-16,31.87
24-02-16,32.15
25-02-16,33.07
26-02-16,32.78
29-02-16,33.75
01-03-16,34.4
02-03-16,34.66
03-03-16,34.57
04-03-16,35.92
07-03-16,37.9
08-03-16,36.5
09-03-16,38.29
10-03-16,37.84
11-03-16,38.5
14-03-16,37.18
15-03-16,36.34
16-03-16,38.768
17-03-16,40.784
18-03-16,40.46
21-03-16,41.198
22-03-16,41.45
23-03-16,39.79
24-03-16,39.46
28-03-16,39.39
29-03-16,38.28
30-03-16,38.32
31-03-16,38.34
01-04-16,36.79
04-04-16,35.7
05-04-16,35.89
06-04-16,37.75
07-04-16,37.26
08-04-16,39.72
11-04-16,40.36
12-04-16,42.17
13-04-16,41.76
14-04-16,41.5
15-04-16,40.63
18-04-16,40.344
19-04-16,41.914
20-04-16,43.87
21-04-16,43.18
22-04-16,43.73
25-04-16,42.64
26-04-16,44.04
27-04-16,45.33
28-04-16,46.03
29-04-16,45.92
02-05-16,44.78
03-05-16,43.65
04-05-16,43.78
05-05-16,44.32
06-05-16,44.66
09-05-16,43.44
10-05-16,44.66
11-05-16,46.23
12-05-16,46.7
13-05-16,46.21
16-05-16,47.72
17-05-16,48.446
18-05-16,48.426
19-05-16,48.466
20-05-16,48.278
23-05-16,48.08
24-05-16,48.62
25-05-16,49.56
26-05-16,49.48
27-05-16,49.33
31-05-16,49.1
01-06-16,49.01
02-06-16,49.17
03-06-16,48.62
06-06-16,49.69
07-06-16,50.36
08-06-16,51.23
09-06-16,50.56
10-06-16,49.07
13-06-16,48.88
14-06-16,48.49
15-06-16,48.01
16-06-16,46.316
17-06-16,48.212
20-06-16,49.724
21-06-16,49.65
22-06-16,49.13
23-06-16,50.11
24-06-16,47.64
27-06-16,46.33
28-06-16,47.85
29-06-16,49.88
30-06-16,48.33
01-07-16,48.99
05-07-16,46.6
06-07-16,47.43
07-07-16,45.14
08-07-16,45.41
11-07-16,44.76
12-07-16,46.8
13-07-16,44.75
14-07-16,45.68
15-07-16,46.09
18-07-16,45.52
19-07-16,45.13
20-07-16,45.588
21-07-16,44.75
22-07-16,44.19
25-07-16,43.13
26-07-16,42.92
27-07-16,41.92
28-07-16,41.14
29-07-16,41.6
01-08-16,40.06
02-08-16,39.51
03-08-16,40.83
04-08-16,41.93
05-08-16,41.8
08-08-16,43.02
09-08-16,42.77
10-08-16,41.71
11-08-16,43.49
12-08-16,44.49
15-08-16,45.74
16-08-16,46.58
17-08-16,46.936
18-08-16,48.488
19-08-16,48.874
22-08-16,47.338
23-08-16,48.1
24-08-16,46.77
25-08-16,47.33
26-08-16,47.64
29-08-16,46.98
30-08-16,46.35
31-08-16,44.7
01-09-16,43.16
02-09-16,44.44
06-09-16,44.83
07-09-16,45.5
08-09-16,47.62
09-09-16,45.88
12-09-16,46.29
13-09-16,44.9
14-09-16,43.58
15-09-16,44.032
16-09-16,43.266
19-09-16,43.636
20-09-16,43.928
21-09-16,45.34
22-09-16,46.32
23-09-16,44.48
26-09-16,45.93
27-09-16,44.67
28-09-16,47.05
29-09-16,47.83
30-09-16,48.24
03-10-16,48.81
04-10-16,48.69
05-10-16,49.83
06-10-16,50.44
07-10-16,49.81
10-10-16,51.35
11-10-16,50.79
12-10-16,50.18
13-10-16,50.44
14-10-16,50.35
17-10-16,50.026
18-10-16,50.422
19-10-16,51.732
20-10-16,50.59
21-10-16,50.85
24-10-16,50.52
25-10-16,49.96
26-10-16,49.18
27-10-16,49.72
28-10-16,48.7
31-10-16,46.86
01-11-16,46.67
02-11-16,45.34
03-11-16,44.66
04-11-16,44.07
07-11-16,44.89
08-11-16,44.98
09-11-16,45.27
10-11-16,44.66
11-11-16,43.41
14-11-16,43.32
15-11-16,45.81
16-11-16,45.676
17-11-16,45.644
18-11-16,46.092
21-11-16,48.09
22-11-16,48.03
23-11-16,47.96
25-11-16,46.06
28-11-16,47.08
29-11-16,45.23
30-11-16,49.44
01-12-16,51.06
02-12-16,51.68
05-12-16,51.79
06-12-16,50.93
07-12-16,49.77
08-12-16,50.84
09-12-16,51.5
12-12-16,52.83
13-12-16,52.98
14-12-16,51.04
15-12-16,51.114
16-12-16,52.32
19-12-16,52.684
20-12-16,53.086
21-12-16,52.49
22-12-16,52.95
23-12-16,53.02
27-12-16,53.9
28-12-16,54.06
29-12-16,53.77
30-12-16,53.72
03-01-17,52.33
04-01-17,53.26
05-01-17,53.76
06-01-17,53.99
09-01-17,51.96
10-01-17,50.82
11-01-17,52.25
12-01-17,53.01
13-01-17,52.37
17-01-17,52.636
18-01-17,51.404
19-01-17,51.82
20-01-17,53.06
23-01-17,52.75
24-01-17,53.18
25-01-17,52.75
26-01-17,53.78
27-01-17,53.17
30-01-17,52.63
31-01-17,52.81
01-02-17,53.88
02-02-17,53.54
03-02-17,53.83
06-02-17,53.01
07-02-17,52.17
08-02-17,52.34
09-02-17,53
10-02-17,53.86
13-02-17,52.93
14-02-17,53.2
15-02-17,53.208
16-02-17,53.516
17-02-17,53.628
21-02-17,54.276
22-02-17,53.59
23-02-17,54.45
24-02-17,53.99
27-02-17,54.05
28-02-17,54.01
01-03-17,53.83
02-03-17,52.61
03-03-17,53.33
06-03-17,53.2
07-03-17,53.14
08-03-17,50.28
09-03-17,49.28
10-03-17,48.49
13-03-17,48.4
14-03-17,47.72
15-03-17,48.86
16-03-17,48.848
17-03-17,48.992
20-03-17,48.634
21-03-17,48.06
22-03-17,48.04
23-03-17,47.7
24-03-17,47.97
27-03-17,47.73
28-03-17,48.37
29-03-17,49.51
30-03-17,50.35
31-03-17,50.6
03-04-17,50.24
04-04-17,51.03
05-04-17,51.15
06-04-17,51.7
07-04-17,52.24
10-04-17,53.08
11-04-17,53.4
12-04-17,53.11
13-04-17,53.18
17-04-17,52.742
18-04-17,52.586
19-04-17,50.686
20-04-17,50.622
21-04-17,49.62
24-04-17,49.23
25-04-17,49.56
26-04-17,49.62
27-04-17,48.97
28-04-17,49.33
01-05-17,48.84
02-05-17,47.66
03-05-17,47.82
04-05-17,45.52
05-05-17,46.22
08-05-17,46.43
09-05-17,45.88
10-05-17,47.33
11-05-17,47.83
12-05-17,47.84
15-05-17,48.85
16-05-17,48.66
17-05-17,49.138
18-05-17,49.474
19-05-17,50.534
22-05-17,51.05
23-05-17,51.47
24-05-17,51.36
25-05-17,48.9
26-05-17,49.8
30-05-17,49.66
31-05-17,48.32
01-06-17,48.36
02-06-17,47.66
05-06-17,47.4
06-06-17,48.19
07-06-17,45.72
08-06-17,45.64
09-06-17,45.83
12-06-17,46.08
13-06-17,46.46
14-06-17,44.73
15-06-17,44.504
16-06-17,44.832
19-06-17,44.338
20-06-17,43.454
21-06-17,42.53
22-06-17,42.74
23-06-17,43.01
26-06-17,43.38
27-06-17,44.24
28-06-17,44.74
29-06-17,44.93
30-06-17,46.04
03-07-17,47.07
05-07-17,45.13
06-07-17,45.52
07-07-17,44.23
10-07-17,44.4
11-07-17,45.04
12-07-17,45.49
13-07-17,46.08
14-07-17,46.54
17-07-17,46.062
18-07-17,46.476
19-07-17,47.24
20-07-17,46.894
21-07-17,45.77
24-07-17,46.34
25-07-17,47.89
26-07-17,48.75
27-07-17,49.04
28-07-17,49.71
31-07-17,50.17
01-08-17,49.16
02-08-17,49.59
03-08-17,49.03
04-08-17,49.58
07-08-17,49.39
08-08-17,49.17
09-08-17,49.56
10-08-17,48.59
11-08-17,48.82
14-08-17,47.59
15-08-17,47.55
16-08-17,46.78
17-08-17,47.12
18-08-17,48.57
21-08-17,47.466
22-08-17,47.792
23-08-17,48.41
24-08-17,47.43
25-08-17,47.87
28-08-17,46.57
29-08-17,46.44
30-08-17,45.96
31-08-17,47.23
01-09-17,47.29
05-09-17,48.66
06-09-17,49.16
07-09-17,49.09
08-09-17,47.48
11-09-17,48.07
12-09-17,48.23
13-09-17,49.3
14-09-17,49.89
15-09-17,50
18-09-17,50.086
19-09-17,49.732
20-09-17,50.634
21-09-17,50.55
22-09-17,50.66
25-09-17,52.22
26-09-17,51.88
27-09-17,52.14
28-09-17,51.56
29-09-17,51.67
02-10-17,50.58
03-10-17,50.42
04-10-17,49.98
05-10-17,50.79
06-10-17,49.29
09-10-17,49.58
10-10-17,50.92
11-10-17,51.3
12-10-17,50.6
13-10-17,51.45
16-10-17,51.87
17-10-17,51.926
18-10-17,52.128
19-10-17,51.422
20-10-17,51.766
23-10-17,51.9
24-10-17,52.47
25-10-17,52.18
26-10-17,52.64
27-10-17,53.9
30-10-17,54.15
31-10-17,54.38
01-11-17,54.3
02-11-17,54.54
03-11-17,55.64
06-11-17,57.35
07-11-17,57.2
08-11-17,56.81
09-11-17,57.17
10-11-17,56.74
13-11-17,56.76
14-11-17,55.7
15-11-17,55.368
16-11-17,55.224
17-11-17,56.646
20-11-17,56.354
21-11-17,56.83
22-11-17,58.02
24-11-17,58.95
27-11-17,58.11
28-11-17,57.99
29-11-17,57.3
30-11-17,57.4
01-12-17,58.36
04-12-17,57.47
05-12-17,57.62
06-12-17,55.96
07-12-17,56.69
08-12-17,57.36
11-12-17,57.99
12-12-17,57.14
13-12-17,56.6
14-12-17,57.048
15-12-17,57.312
18-12-17,57.196
19-12-17,57.54
20-12-17,58.09
21-12-17,58.36
22-12-17,58.47
26-12-17,59.97
27-12-17,59.64
28-12-17,59.84
29-12-17,60.42
02-01-18,60.37
03-01-18,61.63
04-01-18,62.01
05-01-18,61.44
08-01-18,61.73
09-01-18,62.96
10-01-18,63.57
11-01-18,63.8
12-01-18,64.3
16-01-18,63.73
17-01-18,63.96
18-01-18,63.926
19-01-18,63.334
22-01-18,63.554
23-01-18,64.47
24-01-18,65.61
25-01-18,65.51
26-01-18,66.14
29-01-18,65.56
30-01-18,64.5
31-01-18,64.73
01-02-18,65.8
02-02-18,65.45
05-02-18,64.15
06-02-18,63.39
07-02-18,61.79
08-02-18,61.15
09-02-18,59.2
12-02-18,59.29
13-02-18,59.19
14-02-18,60.582
15-02-18,61.272
16-02-18,61.602
20-02-18,61.812
21-02-18,61.68
22-02-18,62.77
23-02-18,63.55
26-02-18,63.91
27-02-18,63.01
28-02-18,61.64
01-03-18,60.99
02-03-18,61.25
05-03-18,62.57
06-03-18,62.6
07-03-18,61.15
08-03-18,60.12
09-03-18,62.04
12-03-18,61.36
13-03-18,60.71
14-03-18,60.96
15-03-18,61.202
16-03-18,62.368
19-03-18,62.102
20-03-18,63.512
21-03-18,65.17
22-03-18,64.3
23-03-18,65.88
26-03-18,65.55
27-03-18,65.25
28-03-18,64.38
29-03-18,64.94
02-04-18,63.01
03-04-18,63.51
04-04-18,63.37
05-04-18,63.54
06-04-18,62.06
09-04-18,63.42
10-04-18,65.51
11-04-18,66.82
12-04-18,67.07
13-04-18,67.39
16-04-18,66.22
17-04-18,66.518
18-04-18,68.47
19-04-18,68.314
20-04-18,68.396
23-04-18,68.64
24-04-18,67.7
25-04-18,68.05
26-04-18,68.19
27-04-18,68.1
30-04-18,68.57
01-05-18,67.25
02-05-18,67.93
03-05-18,68.43
04-05-18,69.72
07-05-18,70.73
08-05-18,69.06
09-05-18,71.14
10-05-18,71.36
11-05-18,70.7
14-05-18,70.96
15-05-18,71.31
16-05-18,71.49
17-05-18,71.506
18-05-18,71.316
21-05-18,72.306
22-05-18,72.186
23-05-18,71.84
24-05-18,70.71
25-05-18,67.88
29-05-18,66.73
30-05-18,68.21
31-05-18,67.04
01-06-18,65.81
04-06-18,64.75
05-06-18,65.52
06-06-18,64.73
07-06-18,65.95
08-06-18,65.74
11-06-18,66.1
12-06-18,66.36
13-06-18,66.64
14-06-18,66.89
15-06-18,65.018
18-06-18,65.786
19-06-18,64.968
20-06-18,65.812
21-06-18,65.54
22-06-18,68.58
25-06-18,68.08
26-06-18,70.53
27-06-18,72.76
28-06-18,73.45
29-06-18,74.15
02-07-18,73.94
03-07-18,74.14
05-07-18,72.94
06-07-18,73.8
09-07-18,73.85
10-07-18,74.11
11-07-18,70.38
12-07-18,70.33
13-07-18,71.01
16-07-18,68.06
17-07-18,67.896
18-07-18,68.356
19-07-18,68.728
20-07-18,68.7
23-07-18,67.89
24-07-18,68.52
25-07-18,69.3
26-07-18,69.61
27-07-18,68.69
30-07-18,70.13
31-07-18,68.76
01-08-18,67.66
02-08-18,68.96
03-08-18,68.49
06-08-18,69.01
07-08-18,69.17
08-08-18,66.94
09-08-18,66.81
10-08-18,67.63
13-08-18,67.2
14-08-18,67.04
15-08-18,65.01
16-08-18,65.344
17-08-18,65.63
20-08-18,65.824
21-08-18,66.142
22-08-18,67.86
23-08-18,67.83
24-08-18,68.72
27-08-18,68.87
28-08-18,68.53
29-08-18,69.51
30-08-18,70.25
31-08-18,69.8
04-09-18,69.87
05-09-18,68.72
06-09-18,67.77
07-09-18,67.75
10-09-18,67.54
11-09-18,69.25
12-09-18,70.37
13-09-18,68.59
14-09-18,68.99
17-09-18,68.864
18-09-18,69.746
19-09-18,70.91
20-09-18,70.416
21-09-18,70.78
24-09-18,72.08
25-09-18,72.28
26-09-18,71.57
27-09-18,72.12
28-09-18,73.25
01-10-18,75.3
02-10-18,75.23
03-10-18,76.41
04-10-18,74.33
05-10-18,74.34
08-10-18,74.29
09-10-18,74.96
10-10-18,73.17
11-10-18,70.97
12-10-18,71.34
15-10-18,71.78
16-10-18,71.92
17-10-18,69.74
18-10-18,68.674
19-10-18,69.216
22-10-18,69.322
23-10-18,66.43
24-10-18,66.82
25-10-18,67.33
26-10-18,67.59
29-10-18,67.04
30-10-18,66.18
31-10-18,65.31
01-11-18,63.69
02-11-18,63.14
05-11-18,63.1
06-11-18,62.21
07-11-18,61.67
08-11-18,60.67
09-11-18,60.19
12-11-18,59.93
13-11-18,55.69
14-11-18,56.288
15-11-18,56.548
16-11-18,56.592
19-11-18,57.112
20-11-18,53.43
21-11-18,54.63
23-11-18,50.42
26-11-18,51.63
27-11-18,51.56
28-11-18,50.29
29-11-18,51.45
30-11-18,50.93
03-12-18,52.95
04-12-18,53.25
05-12-18,52.89
06-12-18,51.49
07-12-18,52.61
10-12-18,51
11-12-18,51.65
12-12-18,51.15
13-12-18,52.58
14-12-18,51.254
17-12-18,50.008
18-12-18,46.456
19-12-18,47.976
20-12-18,45.88
21-12-18,45.59
24-12-18,42.53
26-12-18,46.22
27-12-18,44.61
28-12-18,45.33
31-12-18,45.41
02-01-19,46.54
03-01-19,47.09
04-01-19,47.96
07-01-19,48.52
08-01-19,49.78
09-01-19,52.36
10-01-19,52.59
11-01-19,51.59
14-01-19,50.51
15-01-19,52.11
16-01-19,52.37
17-01-19,52.186
18-01-19,53.944
22-01-19,52.922
23-01-19,52.62
24-01-19,53.13
25-01-19,53.69
28-01-19,51.99
29-01-19,53.31
30-01-19,54.23
31-01-19,53.79
01-02-19,55.26
04-02-19,54.56
05-02-19,53.66
06-02-19,54.01
07-02-19,52.64
08-02-19,52.72
11-02-19,52.41
12-02-19,53.1
13-02-19,53.9
14-02-19,54.486
15-02-19,55.746
19-02-19,56.306
20-02-19,57.112
21-02-19,56.96
22-02-19,57.26
25-02-19,55.48
26-02-19,55.5
27-02-19,56.94
28-02-19,57.22
01-03-19,55.8
04-03-19,56.59
05-03-19,56.56
06-03-19,56.22
07-03-19,56.66
08-03-19,56.07
11-03-19,56.79
12-03-19,56.87
13-03-19,58.26
14-03-19,58.61
15-03-19,58.58
18-03-19,59.206
19-03-19,59.186
20-03-19,60.15
21-03-19,59.98
22-03-19,59.04
25-03-19,58.82
26-03-19,59.94
27-03-19,59.41
28-03-19,59.3
29-03-19,60.14
01-04-19,61.59
02-04-19,62.58
03-04-19,62.46
04-04-19,62.1
05-04-19,63.08
08-04-19,64.4
09-04-19,63.98
10-04-19,64.61
11-04-19,63.58
12-04-19,63.89
15-04-19,63.4
16-04-19,64.078
17-04-19,63.804
18-04-19,64.042
22-04-19,65.58
23-04-19,66.3
24-04-19,65.89
25-04-19,65.21
26-04-19,63.3
29-04-19,63.5
30-04-19,63.91
01-05-19,63.6
02-05-19,61.81
03-05-19,61.94
06-05-19,62.25
07-05-19,61.4
08-05-19,62.12
09-05-19,61.7
10-05-19,61.66
13-05-19,61.04
14-05-19,61.78
15-05-19,62.02
16-05-19,62.908
17-05-19,62.824
20-05-19,63.166
21-05-19,63.102
22-05-19,61.42
23-05-19,57.91
24-05-19,58.63
28-05-19,59.14
29-05-19,58.81
30-05-19,56.59
31-05-19,53.5
03-06-19,53.25
04-06-19,53.48
05-06-19,51.68
06-06-19,52.59
07-06-19,53.99
10-06-19,53.26
11-06-19,53.27
12-06-19,51.14
13-06-19,52.28
14-06-19,52.51
17-06-19,51.978
18-06-19,53.984
19-06-19,53.886
20-06-19,56.986
21-06-19,57.43
24-06-19,57.9
25-06-19,57.83
26-06-19,59.38
27-06-19,59.43
28-06-19,58.47
01-07-19,59.09
02-07-19,56.25
03-07-19,57.34
05-07-19,57.51
08-07-19,57.66
09-07-19,57.83
10-07-19,60.43
11-07-19,60.2
12-07-19,60.21
15-07-19,59.58
16-07-19,57.62
17-07-19,56.808
18-07-19,55.348
19-07-19,55.708
22-07-19,56.22
23-07-19,56.77
24-07-19,55.88
25-07-19,56.02
26-07-19,56.2
29-07-19,56.87
30-07-19,58.05
31-07-19,58.58
01-08-19,53.95
02-08-19,55.66
05-08-19,54.69
06-08-19,53.63
07-08-19,51.09
08-08-19,52.54
09-08-19,54.5
12-08-19,54.93
13-08-19,57.1
14-08-19,55.23
15-08-19,54.46
16-08-19,54.846
19-08-19,56.168
20-08-19,56.172
21-08-19,55.68
22-08-19,55.35
23-08-19,54.17
26-08-19,53.64
27-08-19,54.93
28-08-19,55.78
29-08-19,56.71
30-08-19,55.1
03-09-19,53.94
04-09-19,56.26
05-09-19,56.3
06-09-19,56.52
09-09-19,57.85
10-09-19,57.4
11-09-19,55.75
12-09-19,55.09
13-09-19,54.85
16-09-19,62.9
17-09-19,59.292
18-09-19,58.082
19-09-19,58.166
20-09-19,58.09
23-09-19,58.64
24-09-19,57.29
25-09-19,56.49
26-09-19,56.41
27-09-19,55.91
30-09-19,54.07
01-10-19,53.62
02-10-19,52.64
03-10-19,52.45
04-10-19,52.81
07-10-19,52.75
08-10-19,52.63
09-10-19,52.59
10-10-19,53.55
11-10-19,54.7
14-10-19,53.59
15-10-19,52.81
16-10-19,53.36
17-10-19,53.95
18-10-19,53.816
21-10-19,53.43
22-10-19,54.416
23-10-19,55.97
24-10-19,56.23
25-10-19,56.66
28-10-19,55.81
29-10-19,55.54
30-10-19,55.06
31-10-19,54.18
01-11-19,56.2
04-11-19,56.54
05-11-19,57.23
06-11-19,56.35
07-11-19,57.15
08-11-19,57.24
11-11-19,56.86
12-11-19,56.8
13-11-19,57.12
14-11-19,56.77
15-11-19,57.742
18-11-19,57.086
19-11-19,55.294
20-11-19,57.03
21-11-19,58.58
22-11-19,57.77
25-11-19,58.01
26-11-19,58.41
27-11-19,58.11
29-11-19,55.17
02-12-19,55.96
03-12-19,56.1
04-12-19,58.43
05-12-19,58.43
06-12-19,59.2
09-12-19,59.02
10-12-19,59.24
11-12-19,58.76
12-12-19,59.18
13-12-19,60.07
16-12-19,60.196
17-12-19,60.912
18-12-19,60.882
19-12-19,61.188
20-12-19,60.44
23-12-19,60.52
24-12-19,61.11
26-12-19,61.68
27-12-19,61.72
30-12-19,61.68
31-12-19,61.06
02-01-20,61.18
03-01-20,63.05
06-01-20,63.27
07-01-20,62.7
08-01-20,59.61
09-01-20,59.56
10-01-20,59.04
13-01-20,58.08
14-01-20,58.23
15-01-20,57.816
16-01-20,58.524
17-01-20,58.564
21-01-20,58.372
22-01-20,56.74
23-01-20,55.59
24-01-20,54.19
27-01-20,53.14
28-01-20,53.48
29-01-20,53.33
30-01-20,52.14
31-01-20,51.56
03-02-20,50.11
04-02-20,49.61
05-02-20,50.75
06-02-20,50.95
07-02-20,50.32
10-02-20,49.57
11-02-20,49.94
12-02-20,51.17
13-02-20,51.42
14-02-20,52.104
18-02-20,52.146
19-02-20,53.41
20-02-20,53.86
21-02-20,53.38
24-02-20,51.43
25-02-20,49.9
26-02-20,48.73
27-02-20,47.09
28-02-20,44.76
02-03-20,46.75
03-03-20,47.18
04-03-20,46.78
05-03-20,45.9
06-03-20,41.28
09-03-20,31.13
10-03-20,34.36
11-03-20,32.98
12-03-20,31.5
13-03-20,31.73
16-03-20,28.7
17-03-20,27.026
18-03-20,20.554
19-03-20,25.634
20-03-20,22.59
23-03-20,23.36
24-03-20,24.01
25-03-20,24.49
26-03-20,22.6
27-03-20,21.51
30-03-20,20.09
31-03-20,20.48
01-04-20,20.31
02-04-20,25.32
03-04-20,28.34
06-04-20,26.08
07-04-20,23.63
08-04-20,25.09
09-04-20,22.76
13-04-20,22.41
14-04-20,20.11
15-04-20,19.87
16-04-20,21.002
17-04-20,20.974
21-04-20,11.258
22-04-20,13.78
23-04-20,16.5
24-04-20,16.94
27-04-20,12.78
28-04-20,12.34
29-04-20,15.06
30-04-20,18.84
01-05-20,19.78
04-05-20,20.39
05-05-20,24.56
06-05-20,23.99
07-05-20,23.55
08-05-20,24.74
11-05-20,24.14
12-05-20,25.78
13-05-20,25.29
14-05-20,27.624
15-05-20,29.466
18-05-20,31.718
19-05-20,32.068
20-05-20,33.49
21-05-20,33.92
22-05-20,33.25
26-05-20,34.35
27-05-20,32.81
28-05-20,33.71
29-05-20,35.49
01-06-20,35.44
02-06-20,36.81
03-06-20,37.29
04-06-20,37.41
05-06-20,39.55
08-06-20,38.19
09-06-20,38.94
10-06-20,39.6
11-06-20,36.34
12-06-20,36.26
15-06-20,37.12
16-06-20,38.38
17-06-20,38.01
18-06-20,38.924
19-06-20,39.798
22-06-20,40.676
23-06-20,40.37
24-06-20,38.01
25-06-20,38.72
26-06-20,38.49
29-06-20,39.7
30-06-20,39.27
01-07-20,39.82
02-07-20,40.65
06-07-20,40.63
07-07-20,40.62
08-07-20,40.9
09-07-20,39.62
10-07-20,40.55
13-07-20,40.1
14-07-20,40.29
15-07-20,41.2
16-07-20,40.786
17-07-20,40.654
20-07-20,40.876
21-07-20,41.928
22-07-20,41.9
23-07-20,41.07
24-07-20,41.29
27-07-20,41.6
28-07-20,41.04
29-07-20,41.27
30-07-20,39.92
31-07-20,40.27
03-08-20,41.01
04-08-20,41.7
05-08-20,42.19
06-08-20,41.95
07-08-20,41.22
10-08-20,41.94
11-08-20,41.61
12-08-20,42.67
13-08-20,42.24
14-08-20,42.01
17-08-20,42.946
18-08-20,42.982
19-08-20,43.038
20-08-20,42.772
21-08-20,42.34
24-08-20,42.62
25-08-20,43.35
26-08-20,43.39
27-08-20,43.04
28-08-20,42.97
31-08-20,42.61
01-09-20,42.76
02-09-20,41.51
03-09-20,41.37
04-09-20,39.77
08-09-20,36.76
09-09-20,38.05
10-09-20,37.3
11-09-20,37.33
14-09-20,37.26
15-09-20,38.28
16-09-20,40.16
17-09-20,41.02
18-09-20,41.194
21-09-20,39.448
22-09-20,39.76
23-09-20,39.93
24-09-20,40.31
25-09-20,40.25
28-09-20,40.6
29-09-20,39.29
30-09-20,40.22
01-10-20,38.72
02-10-20,37.05
05-10-20,39.22
06-10-20,40.67
07-10-20,39.95
08-10-20,41.19
09-10-20,40.6
12-10-20,39.43
13-10-20,40.2
14-10-20,41.04
15-10-20,41.016
16-10-20,40.976
19-10-20,40.968
20-10-20,41.652
21-10-20,40.03
22-10-20,40.64
23-10-20,39.85
26-10-20,38.56
27-10-20,39.57
28-10-20,37.39
29-10-20,36.17
30-10-20,35.79
02-11-20,36.81
03-11-20,37.66
04-11-20,39.15
05-11-20,38.79
06-11-20,37.14
09-11-20,40.29
10-11-20,41.36
11-11-20,41.45
12-11-20,41.12
13-11-20,40.13
16-11-20,41.34
17-11-20,41.474
18-11-20,41.896
19-11-20,41.836
20-11-20,42.366
23-11-20,43.06
24-11-20,44.91
25-11-20,45.71
27-11-20,45.53
30-11-20,45.34
01-12-20,44.55
02-12-20,45.28
03-12-20,45.64
04-12-20,46.26
07-12-20,45.76
08-12-20,45.6
09-12-20,45.52
10-12-20,46.78
11-12-20,46.57
14-12-20,46.99
15-12-20,47.62
16-12-20,47.856
17-12-20,48.432
18-12-20,49.184
21-12-20,47.924
22-12-20,47.02
23-12-20,48.12
24-12-20,48.23
28-12-20,47.62
29-12-20,48
30-12-20,48.4
31-12-20,48.52
04-01-21,47.62
05-01-21,49.93
06-01-21,50.63
07-01-21,50.83
08-01-21,52.24
11-01-21,52.25
12-01-21,53.21
13-01-21,52.91
14-01-21,53.58
15-01-21,52.384
19-01-21,52.98
20-01-21,53.296
21-01-21,53.13
22-01-21,52.27
25-01-21,52.77
26-01-21,52.61
27-01-21,52.85
28-01-21,52.34
29-01-21,52.2
01-02-21,53.55
02-02-21,54.76
03-02-21,55.69
04-02-21,56.23
05-02-21,56.85
08-02-21,57.97
09-02-21,58.36
10-02-21,58.68
11-02-21,58.24
12-02-21,59.47
16-02-21,60.05
17-02-21,61.144
18-02-21,60.524
19-02-21,59.252
22-02-21,61.658
23-02-21,61.67
24-02-21,63.22
25-02-21,63.53
26-02-21,61.5
01-03-21,60.64
02-03-21,59.75
03-03-21,61.28
04-03-21,63.83
05-03-21,66.09
08-03-21,65.05
09-03-21,64.01
10-03-21,64.44
11-03-21,66.02
12-03-21,65.61
15-03-21,65.39
16-03-21,64.8
17-03-21,64.606
18-03-21,60.024
19-03-21,61.432
22-03-21,61.558
23-03-21,57.76
24-03-21,61.18
25-03-21,58.56
26-03-21,60.97
29-03-21,61.56
30-03-21,60.55
31-03-21,59.16
01-04-21,61.45
05-04-21,58.65
06-04-21,59.33
07-04-21,59.77
08-04-21,59.6
09-04-21,59.32
12-04-21,59.7
13-04-21,60.18
14-04-21,63.15
15-04-21,63.47
16-04-21,63.154
19-04-21,63.41
20-04-21,62.624
21-04-21,61.35
22-04-21,61.43
23-04-21,62.14
26-04-21,61.91
27-04-21,62.94
28-04-21,63.86
29-04-21,65.01
30-04-21,63.58
03-05-21,64.49
04-05-21,65.69
05-05-21,65.63
06-05-21,64.71
07-05-21,64.9
10-05-21,64.92
11-05-21,65.28
12-05-21,66.08
13-05-21,63.82
14-05-21,65.37
17-05-21,66.272
18-05-21,65.494
19-05-21,63.354
20-05-21,61.962
21-05-21,63.58
24-05-21,66.05
25-05-21,66.07
26-05-21,66.21
27-05-21,66.85
28-05-21,66.32
01-06-21,67.72
02-06-21,68.83
03-06-21,68.81
04-06-21,69.62
07-06-21,69.23
08-06-21,70.05
09-06-21,69.96
10-06-21,70.29
11-06-21,70.91
14-06-21,70.88
15-06-21,72.12
16-06-21,72.15
17-06-21,70.988
18-06-21,71.5
21-06-21,73.336
22-06-21,72.892
23-06-21,73.08
24-06-21,73.3
25-06-21,74.05
28-06-21,72.91
29-06-21,72.98
30-06-21,73.47
01-07-21,75.23
02-07-21,75.16
05-07-21,75.16
06-07-21,73.37
07-07-21,72.2
08-07-21,72.94
09-07-21,74.56
12-07-21,74.1
13-07-21,75.25
14-07-21,73.13
15-07-21,71.596
16-07-21,71.71
19-07-21,66.378
20-07-21,67.244
21-07-21,70.3
22-07-21,71.91
23-07-21,72.07
26-07-21,71.91
27-07-21,71.65
28-07-21,72.39
29-07-21,73.62
30-07-21,73.95
02-08-21,71.26
03-08-21,70.56
04-08-21,68.15
05-08-21,69.09
06-08-21,68.28
09-08-21,66.48
10-08-21,68.29
11-08-21,69.25
12-08-21,69.09
13-08-21,68.44
16-08-21,67.29
17-08-21,66.54
18-08-21,65.36
19-08-21,63.576
20-08-21,62.176
23-08-21,65.64
24-08-21,67.54
25-08-21,68.36
26-08-21,67.42
27-08-21,68.74
30-08-21,69.21
31-08-21,68.5
01-09-21,68.59
02-09-21,69.99
03-09-21,69.29
06-09-21,69.29
07-09-21,68.35
08-09-21,69.3
09-09-21,68.14
10-09-21,69.72
13-09-21,70.45
14-09-21,70.46
15-09-21,72.61
16-09-21,72.562
17-09-21,71.91
20-09-21,70.2
21-09-21,70.504
22-09-21,72.23
23-09-21,73.3
24-09-21,73.98
27-09-21,75.45
28-09-21,75.29
29-09-21,74.83
30-09-21,75.03
01-10-21,75.88
04-10-21,77.62
05-10-21,78.93
06-10-21,77.43
07-10-21,78.3
08-10-21,79.35
11-10-21,80.52
12-10-21,80.64
13-10-21,80.44
14-10-21,81.31
15-10-21,82.17
18-10-21,82.14
19-10-21,82.648
20-10-21,83.51
21-10-21,82.5
22-10-21,83.76
25-10-21,83.76
26-10-21,84.65
27-10-21,82.66
28-10-21,82.81
29-10-21,83.57
01-11-21,84.05
02-11-21,83.91
03-11-21,80.86
04-11-21,78.81
05-11-21,81.27
08-11-21,81.93
09-11-21,84.15
10-11-21,81.34
11-11-21,81.59
12-11-21,80.79
15-11-21,80.88
16-11-21,80.556
17-11-21,78.036
18-11-21,78.65
19-11-21,75.972
22-11-21,76.75
23-11-21,78.5
24-11-21,78.39
26-11-21,68.15
29-11-21,69.95
30-11-21,66.18
01-12-21,65.57
02-12-21,66.5
03-12-21,66.26
06-12-21,69.49
07-12-21,72.05
08-12-21,72.36
09-12-21,70.94
10-12-21,71.67
13-12-21,71.29
14-12-21,70.73
15-12-21,70.828
16-12-21,72.288
17-12-21,70.776
20-12-21,68.534
21-12-21,71.12
22-12-21,72.76
23-12-21,73.79
24-12-21,73.79
26-12-21,73.79
27-12-21,75.57
28-12-21,75.98
29-12-21,76.56
30-12-21,76.99
31-12-21,75.21
03-01-22,76.08
04-01-22,76.99
05-01-22,77.85
06-01-22,79.46
07-01-22,78.9
10-01-22,78.23
11-01-22,81.22
12-01-22,82.64
13-01-22,82.12
14-01-22,83.716
18-01-22,85.19
19-01-22,86.264
20-01-22,85.82
21-01-22,85.14
24-01-22,83.31
25-01-22,85.6
26-01-22,87.35
27-01-22,86.61
28-01-22,86.82
31-01-22,88.15
01-02-22,88.2
02-02-22,88.26
03-02-22,90.27
04-02-22,92.31
07-02-22,91.32
08-02-22,89.36
09-02-22,89.66
10-02-22,89.88
11-02-22,93.1
14-02-22,95.46
15-02-22,92.07
16-02-22,93.66
17-02-22,91.416
18-02-22,90.726
21-02-22,90.554
22-02-22,91.998
23-02-22,92.1
24-02-22,92.81
25-02-22,91.59
28-02-22,95.72
01-03-22,103.41
02-03-22,110.6
03-03-22,107.67
04-03-22,115.68
07-03-22,119.4
08-03-22,123.7
09-03-22,108.7
10-03-22,106.02
11-03-22,109.33
14-03-22,103.01
15-03-22,96.44
16-03-22,95.04
17-03-22,102.714
18-03-22,104.056
21-03-22,110.83
22-03-22,109.768
23-03-22,114.93
24-03-22,112.34
25-03-22,113.9
28-03-22,105.96
29-03-22,104.24
30-03-22,107.82
31-03-22,100.28
01-04-22,99.27
04-04-22,103.28
05-04-22,101.96
06-04-22,96.23
07-04-22,96.03
08-04-22,98.26
11-04-22,94.29
12-04-22,100.6
13-04-22,104.25
14-04-22,106.836
15-04-22,106.95
18-04-22,107.97
19-04-22,102.254
20-04-22,102.302
21-04-22,103.79
22-04-22,102.07
25-04-22,98.54
26-04-22,101.7
27-04-22,102.02
28-04-22,105.36
29-04-22,104.69
02-05-22,105.17
03-05-22,102.41
04-05-22,107.81
05-05-22,108.26
06-05-22,109.77
09-05-22,103.09
10-05-22,99.76
11-05-22,105.71
12-05-22,106.13
13-05-22,110.49
16-05-22,114.2
17-05-22,111.846
18-05-22,108.57
19-05-22,110.818
20-05-22,110.87
23-05-22,110.29
24-05-22,109.77
25-05-22,110.33
26-05-22,114.09
27-05-22,115.07
31-05-22,114.67
01-06-22,115.26
02-06-22,116.87
03-06-22,118.87
06-06-22,118.5
07-06-22,119.41
08-06-22,122.11
09-06-22,121.51
10-06-22,120.67
13-06-22,120.93
14-06-22,118.93
15-06-22,115.31
16-06-22,117.122
17-06-22,108.932
20-06-22,108.618
21-06-22,109.746
22-06-22,106.19
23-06-22,104.27
24-06-22,107.62
27-06-22,106.3706
28-06-22,110.0287
29-06-22,111.8361
30-06-22,109.5467
01-07-22,105.9726
04-07-22,108.1883
05-07-22,110.3528
06-07-22,101.0279
07-07-22,98.2402
08-07-22,102.4885
11-07-22,104.4933
12-07-22,103.0596
13-07-22,94.5368
14-07-22,95.587
15-07-22,96.4966
18-07-22,97.2274
19-07-22,104.22
20-07-22,102.26
21-07-22,96.24
22-07-22,94.7
25-07-22,96.16
26-07-22,95.69
27-07-22,98.07
28-07-22,97.4
29-07-22,98.62
01-08-22,93.74
02-08-22,93.9
03-08-22,91.16
04-08-22,87.87
05-08-22,89.01
08-08-22,90.52
09-08-22,90.49
10-08-22,91.48
11-08-22,93.96
12-08-22,92.45
15-08-22,92.45
16-08-22,86.87
17-08-22,87.68
18-08-22,90.75
19-08-22,90.77
22-08-22,90.23
23-08-22,93.77
24-08-22,95.24
25-08-22,92.92
26-08-22,93.06
29-08-22,96.79
30-08-22,91.99
31-08-22,89.2
01-09-22,87.05
02-09-22,86.87
05-09-22,89.03
06-09-22,86.79
07-09-22,81.93
08-09-22,82.96
09-09-22,86.79
12-09-22,88.03
13-09-22,87.61
14-09-22,88.93
15-09-22,84.58
16-09-22,85.11
19-09-22,85.65
20-09-22,84.45
21-09-22,82.81
22-09-22,83.57
23-09-22,78.74
26-09-22,76.72
27-09-22,78.5
28-09-22,81.71
29-09-22,81.69
30-09-22,79.49
03-10-22,83.35
04-10-22,86.47
05-10-22,88.16
06-10-22,88.87
07-10-22,92.64
10-10-22,90.86
11-10-22,88.64
12-10-22,87.22
13-10-22,89.04
14-10-22,85.61
17-10-22,85.96
18-10-22,83.75
19-10-22,85.98
20-10-22,85.98
21-10-22,85.05
24-10-22,84.92
25-10-22,84.79
26-10-22,88.2
27-10-22,88.55
28-10-22,87.9
31-10-22,86.18
01-11-22,88.68
02-11-22,88.93
03-11-22,87.96
04-11-22,92.61
07-11-22,91.79
08-11-22,88.91
09-11-22,85.83
10-11-22,86.47
11-11-22,88.86
14-11-22,85.87
15-11-22,86.82
16-11-22,85.59
17-11-22,81.64
18-11-22,80.08
21-11-22,79.73
22-11-22,80.95
23-11-22,77.94
24-11-22,77.96
25-11-22,76.55
28-11-22,77.24
29-11-22,78.91
30-11-22,80.55
01-12-22,81.41
02-12-22,80.34
05-12-22,76.93
06-12-22,74.45
07-12-22,72.01
08-12-22,71.79
09-12-22,71.59
12-12-22,73.3
13-12-22,75.39
14-12-22,77.28
15-12-22,76.37
16-12-22,74.5
19-12-22,75.67
20-12-22,76.02
21-12-22,78.42
22-12-22,78.24
23-12-22,79.35
26-12-22,79.56
27-12-22,79.87
28-12-22,78.96
29-12-22,78.71
30-12-22,80.51
02-01-23,80.26
03-01-23,77.21
04-01-23,72.84
05-01-23,73.67
06-01-23,73.73
09-01-23,74.63
10-01-23,74.71
11-01-23,77.71
12-01-23,78.39
13-01-23,80.07
16-01-23,78.85
17-01-23,80.18
18-01-23,79.48
19-01-23,80.58
20-01-23,81.4
23-01-23,81.62
24-01-23,80.26
25-01-23,80.15
26-01-23,81.01
27-01-23,79.38
30-01-23,77.9
31-01-23,78.87
01-02-23,76.7
02-02-23,76
03-02-23,73.23
06-02-23,74.46
07-02-23,77.59
08-02-23,78.48
09-02-23,77.66
10-02-23,79.76
13-02-23,79.16
14-02-23,78.84
15-02-23,78.5
16-02-23,78.49
17-02-23,76.33
20-02-23,77.13
21-02-23,76.05
22-02-23,73.95
23-02-23,75.39
24-02-23,76.45
27-02-23,75.68
28-02-23,77.05
01-03-23,77.69
02-03-23,77.88
03-03-23,79.85
06-03-23,80.46
07-03-23,77.58
08-03-23,76.48
09-03-23,75.72
10-03-23,76.68
13-03-23,74.63
14-03-23,71.9
15-03-23,68.26
16-03-23,68.24
17-03-23,66.74
20-03-23,67.44
21-03-23,69.33
22-03-23,69.97
23-03-23,69.54
24-03-23,69.26
27-03-23,72.81
28-03-23,73.74
29-03-23,72.87
30-03-23,74.39
31-03-23,75.67
03-04-23,80.41
04-04-23,81.02
05-04-23,80.51
06-04-23,80.7
07-04-23,80.7
10-04-23,79.85
11-04-23,81.47
12-04-23,83.13
13-04-23,82.28
14-04-23,82.52
17-04-23,80.86
18-04-23,80.93
19-04-23,78.88
20-04-23,77.29
21-04-23,77.87
24-04-23,78.59
25-04-23,77.07
26-04-23,74.41
27-04-23,74.79
28-04-23,76.78
01-05-23,75.62
02-05-23,71.62
03-05-23,67.24
04-05-23,68.74
05-05-23,71.34
08-05-23,73
09-05-23,73.61
10-05-23,72.89
11-05-23,71.32
12-05-23,70.04
15-05-23,71.48
16-05-23,70.63
17-05-23,72.68
18-05-23,71.99
19-05-23,71.55
22-05-23,71.99
23-05-23,73.81
24-05-23,74.21
25-05-23,71.79
26-05-23,72.67
29-05-23,72.94
30-05-23,69.54
31-05-23,67.69
01-06-23,70.07
02-06-23,71.74
05-06-23,71.94
06-06-23,71.76
07-06-23,72.42
08-06-23,70.89
09-06-23,70.17
12-06-23,67.35
13-06-23,69.42
14-06-23,68.52
15-06-23,70.68
16-06-23,71.78
19-06-23,71.29
20-06-23,70.5
21-06-23,72.52
22-06-23,69.36
23-06-23,69.16
26-06-23,69.53
27-06-23,68.03
28-06-23,69.56
29-06-23,69.59
30-06-23,70.64
03-07-23,69.79
04-07-23,71.05
05-07-23,71.79
06-07-23,71.84
07-07-23,73.86
10-07-23,74.1
11-07-23,74.83
12-07-23,75.75
13-07-23,77.23
14-07-23,75.27
17-07-23,74.1
18-07-23,75.75
19-07-23,75.23
20-07-23,75.63
21-07-23,77.07
24-07-23,78.87
25-07-23,79.32
26-07-23,79.01
27-07-23,79.63
28-07-23,80.67
31-07-23,81.64
01-08-23,82.25
02-08-23,79.71
03-08-23,81.79
04-08-23,82.82
07-08-23,81.94
08-08-23,82.75
09-08-23,84.26
10-08-23,82.89
11-08-23,83.19
14-08-23,82.39
15-08-23,80.99
16-08-23,79.38
17-08-23,80.08
18-08-23,81.25
21-08-23,80.83
22-08-23,80.25
23-08-23,78.62
24-08-23,79.05
25-08-23,80.05
28-08-23,80.01
29-08-23,81.37
30-08-23,81.63
31-08-23,83.57
01-09-23,85.55
04-09-23,85.84
05-09-23,86.81
06-09-23,87.66
07-09-23,86.7
08-09-23,87.51
11-09-23,87.3
12-09-23,88.84
13-09-23,88.7
14-09-23,90.53
15-09-23,90.77
18-09-23,92.36
19-09-23,91.56
20-09-23,90.28
21-09-23,89.76
22-09-23,90.03
25-09-23,89.78
26-09-23,90.57
27-09-23,93.84
28-09-23,91.79
29-09-23,90.79
02-10-23,88.47
03-10-23,89.39
04-10-23,84.37
05-10-23,82.89
06-10-23,82.79
09-10-23,86.45
10-10-23,85.92
11-10-23,83.2
12-10-23,83.46
13-10-23,87.69
16-10-23,86.82
17-10-23,88.06
18-10-23,88.25
19-10-23,90.3
20-10-23,88.75
23-10-23,86.51
24-10-23,83.7
25-10-23,85.39
26-10-23,83.58
27-10-23,85.54
30-10-23,82.31
31-10-23,81.02
01-11-23,80.92
02-11-23,82.53
03-11-23,80.51
06-11-23,80.82
07-11-23,77.46
08-11-23,75.45
09-11-23,75.74
10-11-23,77.17
13-11-23,78.58
14-11-23,78.26
15-11-23,76.66
16-11-23,72.9
17-11-23,75.84
20-11-23,78.03
24-11-23,75.57
27-11-23,75.67
28-11-23,75.16
29-11-23,76.59
30-11-23,77.7
01-12-23,75.63
04-12-23,74.84
05-12-23,73.24
06-12-23,72.16
07-12-23,69.34
08-12-23,71.26
11-12-23,71.32
12-12-23,68.61
13-12-23,69.47
14-12-23,71.58
15-12-23,71.79
18-12-23,72.47
19-12-23,73.58
20-12-23,74.22
21-12-23,73.89
22-12-23,73.49
25-12-23,73.56
26-12-23,75.57
27-12-23,74.11
28-12-23,71.77
29-12-23,71.33
01-01-24,71.65
02-01-24,70.38
03-01-24,72.7
04-01-24,72.19
05-01-24,73.95
08-01-24,70.77
09-01-24,72.24
10-01-24,71.37
11-01-24,72.02
12-01-24,72.76
15-01-24,72.5
16-01-24,72.4
17-01-24,72.56
18-01-24,74.08
19-01-24,73.71
22-01-24,75.01
23-01-24,74.37
24-01-24,75.09
25-01-24,77.12
26-01-24,78.23
29-01-24,76.78
30-01-24,77.79
31-01-24,75.85
01-02-24,73.82
02-02-24,72.41
05-02-24,72.78
06-02-24,73.31
07-02-24,73.86
08-02-24,76.22
09-02-24,76.6
12-02-24,76.92
13-02-24,77.87
14-02-24,76.64
15-02-24,78.03
16-02-24,79.22
19-02-24,79.29
20-02-24,78.27
21-02-24,77.91
22-02-24,78.61
23-02-24,76.57
26-02-24,77.6
27-02-24,78.87
28-02-24,78.54
29-02-24,78.26
01-03-24,79.81
04-03-24,78.74
05-03-24,78.15
06-03-24,79.13
07-03-24,78.93
08-03-24,78.01
11-03-24,78.11
12-03-24,77.98
13-03-24,79.72
14-03-24,81.08
15-03-24,81.04
18-03-24,82.79
19-03-24,83.12
20-03-24,81.68
21-03-24,80.93
22-03-24,80.82
25-03-24,81.95
26-03-24,81.28
27-03-24,81.35
28-03-24,83.11
29-03-24,83.17
01-04-24,83.71
02-04-24,85.15
03-04-24,85.56
04-04-24,87.01
05-04-24,86.91
08-04-24,86.66
09-04-24,85.31
10-04-24,86.21
11-04-24,86.31
12-04-24,85.46
15-04-24,85.66
16-04-24,85.82
17-04-24,85.38
18-04-24,82.75
19-04-24,82.57
22-04-24,83.26
23-04-24,82.85
24-04-24,83.48
25-04-24,82.82
26-04-24,83.75
29-04-24,83.33
30-04-24,81.93
01-05-24,79.05
02-05-24,78.95
03-05-24,78.11
06-05-24,78.48
07-05-24,78.38
08-05-24,79.25
09-05-24,79.64
10-05-24,78.26
13-05-24,79.14
14-05-24,78.41
15-05-24,78.93
16-05-24,79.38
17-05-24,80.06
20-05-24,79.65
21-05-24,79.06
22-05-24,77.57
23-05-24,76.91
24-05-24,77.72
27-05-24,78.55
28-05-24,79.83
29-05-24,79.23
30-05-24,77.91
31-05-24,76.99
03-06-24,74.22
04-06-24,72.95
05-06-24,74.44
06-06-24,75.55
07-06-24,75.53
10-06-24,77.74
11-06-24,78.17
12-06-24,78.31
13-06-24,77.79
14-06-24,78.49
17-06-24,80.38
18-06-24,81.61
19-06-24,81.3
20-06-24,82.34
21-06-24,80.73
24-06-24,81.65
25-06-24,80.74
26-06-24,80.65
27-06-24,81.74
28-06-24,81.46
01-07-24,83.41
02-07-24,83.01
03-07-24,83.88
04-07-24,84.06
05-07-24,83.16
08-07-24,82.22
09-07-24,81.64
10-07-24,82.45
11-07-24,82.62
12-07-24,82.21
15-07-24,81.8
16-07-24,80.76
17-07-24,83.23
18-07-24,82.33
19-07-24,80.13
22-07-24,79.78
23-07-24,77.38
24-07-24,77.59
25-07-24,78.28
26-07-24,77.16
29-07-24,75.68
30-07-24,75.27
31-07-24,77.91
01-08-24,76.31
02-08-24,73.52
05-08-24,74.27
06-08-24,73.2
07-08-24,75.28
08-08-24,76.06
09-08-24,76.84
12-08-24,79.64
13-08-24,78.35
14-08-24,77.32
15-08-24,77.9
16-08-24,76.65
19-08-24,74.34
20-08-24,74.04
21-08-24,71.89
22-08-24,73.07
23-08-24,74.83
26-08-24,77.15
27-08-24,75.73
28-08-24,74.38
29-08-24,75.76
30-08-24,73.65
02-09-24,74.04
03-09-24,70.22
04-09-24,69.3
05-09-24,69.32
06-09-24,67.67
09-09-24,68.78
10-09-24,66.37
11-09-24,67.28
12-09-24,69.29
13-09-24,68.65
16-09-24,70.44
17-09-24,71.13
18-09-24,70.16
19-09-24,71.9
20-09-24,71.92
23-09-24,70.56
24-09-24,71.58
25-09-24,69.84
26-09-24,67.46
27-09-24,68.18
30-09-24,68.27
01-10-24,70.76
02-10-24,71.01
03-10-24,73.84
04-10-24,74.38
07-10-24,77.48
08-10-24,73.9
09-10-24,73.39
10-10-24,75.71
11-10-24,75.56
14-10-24,71.71
15-10-24,71.09
16-10-24,70.76
17-10-24,70.87
18-10-24,69.22
21-10-24,70.54
22-10-24,72.09
23-10-24,71.19
24-10-24,70.42
25-10-24,71.78
28-10-24,67.91
29-10-24,67.5
30-10-24,68.96
31-10-24,70.62
01-11-24,69.49
04-11-24,71.47
05-11-24,72
06-11-24,71.9
07-11-24,72.19
08-11-24,70.43
11-11-24,68.04
12-11-24,67.97
13-11-24,68.04
14-11-24,68.62
15-11-24,66.95
18-11-24,69.1
19-11-24,69.5
20-11-24,68.95
21-11-24,70.1
22-11-24,71.18
25-11-24,69.08
26-11-24,68.96
27-11-24,68.77
28-11-24,68.88
29-11-24,68.15
02-12-24,68.17
03-12-24,69.97
04-12-24,68.73
05-12-24,68.45
06-12-24,67.17
09-12-24,68.16
10-12-24,68.47
11-12-24,70.38
12-12-24,70.01
13-12-24,71.09
16-12-24,70.71
17-12-24,70.08
18-12-24,70
19-12-24,69.85
20-12-24,69.58
23-12-24,69.55
24-12-24,70.17
25-12-24,70.1
26-12-24,69.64
27-12-24,70.26
30-12-24,71.13
31-12-24,71.87
01-01-25,71.72
02-01-25,73.12
03-01-25,74.07
06-01-25,73.56
07-01-25,74.42
08-01-25,73.32
09-01-25,73.47
10-01-25,76.57
13-01-25,78.78
14-01-25,78.09
15-01-25,80.04
16-01-25,78.68
17-01-25,78.04
20-01-25,76.89
21-01-25,76.09
22-01-25,75.44
23-01-25,74.62
24-01-25,74.6
27-01-25,73.17
28-01-25,73.85
29-01-25,72.9
30-01-25,72.72
31-01-25,73.81
03-02-25,73.16
04-02-25,72.7
05-02-25,71.03
06-02-25,70.61
07-02-25,71.06
10-02-25,72.32
11-02-25,73.32
12-02-25,71.37
13-02-25,71.29
14-02-25,70.57
17-02-25,71.39
18-02-25,71.85
19-02-25,72.25
20-02-25,72.53
21-02-25,70.25
24-02-25,70.7
25-02-25,68.93
26-02-25,68.62
27-02-25,70.35
28-02-25,69.95
03-03-25,69.48
04-03-25,67.75
05-03-25,66.43
06-03-25,66.27
07-03-25,67.05
12-03-25,67.67
13-03-25,66.6
14-03-25,67.17
17-03-25,67.5
18-03-25,66.89
19-03-25,67.28
20-03-25,68.3
21-03-25,68.19
24-03-25,69.22
25-03-25,69.12
26-03-25,69.72
27-03-25,69.88
28-03-25,69.15
31-03-25,71.47
01-04-25,71.22
02-04-25,71.81
03-04-25,66.77
04-04-25,62.86
07-04-25,60.92
08-04-25,57.31
09-04-25,62.98
10-04-25,59.98
11-04-25,61.5
14-04-25,61.53
15-04-25,61.35
16-04-25,62.92
17-04-25,64.68
18-04-25,64.68
21-04-25,63.59
22-04-25,64.31
23-04-25,62.28
24-04-25,62.83
25-04-25,63.02
28-04-25,62.01
29-04-25,60.42
30-04-25,58.21
01-05-25,59.24
02-05-25,58.29
05-05-25,57.17
06-05-25,59.58
07-05-25,58.01
08-05-25,60.11
09-05-25,61.06
10-05-25,
11-05-25,
12-05-25,
13-05-25,
14-05-25,
15-05-25,
16-05-25,
17-05-25,
18-05-25,
19-05-25,
20-05-25,
21-05-25,
22-05-25,
23-05-25,
24-05-25,
25-05-25,
26-05-25,
27-05-25,
28-05-25,
29-05-25,
30-05-25,
